{
  "experiment": "e1_er_downsample",
  "config": {
    "n": 100,
    "p": 0.1,
    "ms": [
      25,
      50,
      75
    ],
    "replicates": 10,
    "epochs": 300
  },
  "original_means": {
    "density": 0.1009090909090909,
    "clustering": 0.09754392474570492,
    "triangle_density": 0.0009987631416202842,
    "lambda_max_norm": 0.10914611080509357
  },
  "aggregated": {
    "latent_random|m=25": {
      "density": {
        "mean": 0.101,
        "std": 0.00395811402901264
      },
      "clustering": {
        "mean": 0.3466920634920635,
        "std": 0.07709279033732963
      },
      "triangle_density": {
        "mean": 0.0072173913043478265,
        "std": 0.003396873910369497
      },
      "lambda_max_norm": {
        "mean": 0.1771617504317644,
        "std": 0.026580967205958126
      },
      "degree_w1": {
        "mean": 0.045613636363636356,
        "std": 0.013945843049576898
      }
    },
    "latent_random|m=50": {
      "density": {
        "mean": 0.10089795918367347,
        "std": 0.0038842048174270428
      },
      "clustering": {
        "mean": 0.502208535908536,
        "std": 0.034439957507716334
      },
      "triangle_density": {
        "mean": 0.007367346938775511,
        "std": 0.0013326389973317965
      },
      "lambda_max_norm": {
        "mean": 0.16840751074367577,
        "std": 0.013697665331077951
      },
      "degree_w1": {
        "mean": 0.03816285301999588,
        "std": 0.007876052464759468
      }
    },
    "latent_random|m=75": {
      "density": {
        "mean": 0.1009009009009009,
        "std": 0.003850969371500553
      },
      "clustering": {
        "mean": 0.53930659513117,
        "std": 0.029545460742626626
      },
      "triangle_density": {
        "mean": 0.0076312476860422055,
        "std": 0.002240902170758264
      },
      "lambda_max_norm": {
        "mean": 0.16229565100407023,
        "std": 0.020250801398793615
      },
      "degree_w1": {
        "mean": 0.035176631176631175,
        "std": 0.01155708994723354
      }
    },
    "latent_kmeans|m=25": {
      "density": {
        "mean": 0.101,
        "std": 0.00395811402901264
      },
      "clustering": {
        "mean": 0.2520380952380953,
        "std": 0.08506207097389144
      },
      "triangle_density": {
        "mean": 0.004130434782608695,
        "std": 0.0023272041201865454
      },
      "lambda_max_norm": {
        "mean": 0.15903892753508622,
        "std": 0.020671204545344213
      },
      "degree_w1": {
        "mean": 0.037664141414141414,
        "std": 0.011519001051123936
      }
    },
    "latent_kmeans|m=50": {
      "density": {
        "mean": 0.10089795918367347,
        "std": 0.0038842048174270428
      },
      "clustering": {
        "mean": 0.4648109335109335,
        "std": 0.05333971704839769
      },
      "triangle_density": {
        "mean": 0.006142857142857143,
        "std": 0.001587579340778062
      },
      "lambda_max_norm": {
        "mean": 0.1553106529628996,
        "std": 0.015015313622870757
      },
      "degree_w1": {
        "mean": 0.034374355802927234,
        "std": 0.00718887283142031
      }
    },
    "latent_kmeans|m=75": {
      "density": {
        "mean": 0.1009009009009009,
        "std": 0.003850969371500553
      },
      "clustering": {
        "mean": 0.5159225155007816,
        "std": 0.03329920453581835
      },
      "triangle_density": {
        "mean": 0.007123287671232876,
        "std": 0.0017947539240813395
      },
      "lambda_max_norm": {
        "mean": 0.158269998652182,
        "std": 0.017295459925278284
      },
      "degree_w1": {
        "mean": 0.03460633360633361,
        "std": 0.008283179043160333
      }
    },
    "latent_posterior|m=25": {
      "density": {
        "mean": 0.101,
        "std": 0.00395811402901264
      },
      "clustering": {
        "mean": 0.3047492063492064,
        "std": 0.06617440663675331
      },
      "triangle_density": {
        "mean": 0.006217391304347826,
        "std": 0.0020765137280451397
      },
      "lambda_max_norm": {
        "mean": 0.17834063744293652,
        "std": 0.01725993666870499
      },
      "degree_w1": {
        "mean": 0.048974747474747476,
        "std": 0.00802658734949884
      }
    },
    "latent_posterior|m=50": {
      "density": {
        "mean": 0.10089795918367347,
        "std": 0.0038842048174270428
      },
      "clustering": {
        "mean": 0.4471091552238611,
        "std": 0.04895236174353094
      },
      "triangle_density": {
        "mean": 0.007382653061224491,
        "std": 0.0023737433379374304
      },
      "lambda_max_norm": {
        "mean": 0.17106935381894878,
        "std": 0.022294613141958228
      },
      "degree_w1": {
        "mean": 0.04646011131725418,
        "std": 0.010126538815278339
      }
    },
    "latent_posterior|m=75": {
      "density": {
        "mean": 0.1009009009009009,
        "std": 0.003850969371500553
      },
      "clustering": {
        "mean": 0.49656014708479523,
        "std": 0.040654808499100595
      },
      "triangle_density": {
        "mean": 0.00784598296927064,
        "std": 0.0023554452161491306
      },
      "lambda_max_norm": {
        "mean": 0.17026685595403274,
        "std": 0.02321248049054112
      },
      "degree_w1": {
        "mean": 0.04687168987168987,
        "std": 0.009396081094743308
      }
    },
    "uniform_node|m=25": {
      "density": {
        "mean": 0.10266666666666668,
        "std": 0.011234866364235143
      },
      "clustering": {
        "mean": 0.0824952380952381,
        "std": 0.06829247226969809
      },
      "triangle_density": {
        "mean": 0.001217391304347826,
        "std": 0.0011304347826086956
      },
      "lambda_max_norm": {
        "mean": 0.13784463224087748,
        "std": 0.014901093961500113
      },
      "degree_w1": {
        "mean": 0.028530303030303027,
        "std": 0.004885757407647562
      }
    },
    "uniform_node|m=50": {
      "density": {
        "mean": 0.1003265306122449,
        "std": 0.009967544165592876
      },
      "clustering": {
        "mean": 0.09115985125985127,
        "std": 0.027979634532722793
      },
      "triangle_density": {
        "mean": 0.0009540816326530612,
        "std": 0.00037356556138745873
      },
      "lambda_max_norm": {
        "mean": 0.12012394920899698,
        "std": 0.008769750391707512
      },
      "degree_w1": {
        "mean": 0.015837146980004123,
        "std": 0.0028644120069990513
      }
    },
    "uniform_node|m=75": {
      "density": {
        "mean": 0.09873873873873874,
        "std": 0.004363188718606216
      },
      "clustering": {
        "mean": 0.09610299221475692,
        "std": 0.009374551055203526
      },
      "triangle_density": {
        "mean": 0.0009803776379118845,
        "std": 0.0001587847482109466
      },
      "lambda_max_norm": {
        "mean": 0.1108846673346475,
        "std": 0.004956240147836226
      },
      "degree_w1": {
        "mean": 0.007429702429702428,
        "std": 0.0017529219411635498
      }
    },
    "random_walk|m=25": {
      "density": {
        "mean": 0.16366666666666665,
        "std": 0.016224124698183944
      },
      "clustering": {
        "mean": 0.11987301587301587,
        "std": 0.05545093641415219
      },
      "triangle_density": {
        "mean": 0.003478260869565218,
        "std": 0.0024824525954122087
      },
      "lambda_max_norm": {
        "mean": 0.18143027174304355,
        "std": 0.018141732519044662
      },
      "degree_w1": {
        "mean": 0.06293181818181817,
        "std": 0.016766282686662193
      }
    },
    "random_walk|m=50": {
      "density": {
        "mean": 0.12473469387755101,
        "std": 0.006669942274551999
      },
      "clustering": {
        "mean": 0.11197510267510266,
        "std": 0.022100602973186802
      },
      "triangle_density": {
        "mean": 0.0017193877551020405,
        "std": 0.0003600826528284467
      },