{
  "experiment": "e2_families_downsample",
  "config": {
    "n": 100,
    "m": 50,
    "replicates": 10,
    "epochs": 300,
    "families": {
      "ba": "BA(m=5)",
      "ws": "WS(k=10, p=0.1)",
      "sbm": "SBM([50,50], 0.18, 0.02)"
    }
  },
  "results": {
    "ba": {
      "original": {
        "density": 0.09595959595959594,
        "clustering": 0.1885901774094737,
        "modularity": 0.2446754570637119,
        "lambda_max_norm": 0.13527849705559025,
        "auc": 0.5067904028972385
      },
      "methods": {
        "latent_random": {
          "density": {
            "mean": 0.09632653061224491,
            "std": 1.3877787807814457e-17
          },
          "clustering": {
            "mean": 0.4628699507063284,
            "std": 0.03424608273995845
          },
          "modularity": {
            "mean": 0.4315247055443838,
            "std": 0.06301818014458643
          },
          "lambda_max_norm": {
            "mean": 0.17342955527332513,
            "std": 0.018109492226224922
          },
          "degree_w1": {
            "mean": 0.03215295815295815,
            "std": 0.005125467121106339
          }
        },
        "latent_kmeans": {
          "density": {
            "mean": 0.09632653061224491,
            "std": 1.3877787807814457e-17
          },
          "clustering": {
            "mean": 0.4389541997218468,
            "std": 0.024532542000463696
          },
          "modularity": {
            "mean": 0.40524633725940823,
            "std": 0.031294910425128046
          },
          "lambda_max_norm": {
            "mean": 0.17912153888480203,
            "std": 0.011163415931872695
          },
          "degree_w1": {
            "mean": 0.03312760255617399,
            "std": 0.004307605798871105
          }
        },
        "latent_posterior": {
          "density": {
            "mean": 0.09632653061224491,
            "std": 1.3877787807814457e-17
          },
          "clustering": {
            "mean": 0.4181593217240276,
            "std": 0.04666537449707465
          },
          "modularity": {
            "mean": 0.38382289571962075,
            "std": 0.04826829354705494
          },
          "lambda_max_norm": {
            "mean": 0.1816248058850786,
            "std": 0.012868915382047524
          },
          "degree_w1": {
            "mean": 0.0351873840445269,
            "std": 0.005091800780230607
          }
        },
        "uniform_node": {
          "density": {
            "mean": 0.0943673469387755,
            "std": 0.01416367699219352
          },
          "clustering": {
            "mean": 0.1621319101607027,
            "std": 0.05135521642099426
          },
          "modularity": {
            "mean": 0.3447776237005539,
            "std": 0.04610629254610118
          },
          "lambda_max_norm": {
            "mean": 0.1399957531843166,
            "std": 0.019151222947824346
          },
          "degree_w1": {
            "mean": 0.016538445681302825,
            "std": 0.006029839914696765
          }
        },
        "random_walk": {
          "density": {
            "mean": 0.1516734693877551,
            "std": 0.003911558710436223
          },
          "clustering": {
            "mean": 0.24902750242996713,
            "std": 0.032001690028978486
          },
          "modularity": {
            "mean": 0.24583903917385466,
            "std": 0.014488726214368733
          },
          "lambda_max_norm": {
            "mean": 0.1995372382668066,
            "std": 0.006811341241657175
          },
          "degree_w1": {
            "mean": 0.05592702535559678,
            "std": 0.003899832951939041
          }
        },
        "forest_fire": {
          "density": {
            "mean": 0.15020408163265303,
            "std": 0.009141399300682066
          },
          "clustering": {
            "mean": 0.2757172259450117,
            "std": 0.04305818801542442
          },
          "modularity": {
            "mean": 0.24764160360714887,
            "std": 0.01135303308549542
          },
          "lambda_max_norm": {
            "mean": 0.20198640118484126,
            "std": 0.013208082417129695
          },
          "degree_w1": {
            "mean": 0.05510162853019995,
            "std": 0.008508402534731684
          }
        }
      }
    },
    "ws": {
      "original": {
        "density": 0.10101010101010102,
        "clustering": 0.49334923964923966,
        "modularity": 0.5103152,
        "lambda_max_norm": 0.10107164246748519,
        "auc": 0.93728
      },
      "methods": {
        "latent_random": {
          "density": {
            "mean": 0.10122448979591839,
            "std": 1.3877787807814457e-17
          },
          "clustering": {
            "mean": 0.6932396825396825,
            "std": 0.021634002297993286
          },
          "modularity": {
            "mean": 0.6918541883454734,
            "std": 0.040735369821335556
          },
          "lambda_max_norm": {
            "mean": 0.136020653136526,
            "std": 0.006859717434185984
          },
          "degree_w1": {
            "mean": 0.024639455782312924,
            "std": 0.0040659222395599565
          }
        },
        "latent_kmeans": {
          "density": {
            "mean": 0.10122448979591839,
            "std": 1.3877787807814457e-17
          },
          "clustering": {
            "mean": 0.6093825396825396,
            "std": 0.019449518547535172
          },
          "modularity": {
            "mean": 0.64105098855359,
            "std": 0.029374180758912776
          },
          "lambda_max_norm": {
            "mean": 0.12937396907386564,
            "std": 0.011302491259809212
          },
          "degree_w1": {
            "mean": 0.020378478664192953,
            "std": 0.00586698102207
          }
        },
        "latent_posterior": {
          "density": {
            "mean": 0.10122448979591839,
            "std": 1.3877787807814457e-17
          },
          "clustering": {
            "mean": 0.4181984959484959,
            "std": 0.039709404259926695
          },
          "modularity": {
            "mean": 0.43903160770031213,
            "std": 0.04194772092013629
          },
          "lambda_max_norm": {
            "mean": 0.15602352789012724,
            "std": 0.010166801000029778
          },
          "degree_w1": {
            "mean": 0.05333539476396619,
            "std": 0.004482034236088824
          }
        },
        "uniform_node": {
          "density": {
            "mean": 0.09918367346938775,
            "std": 0.004069369332445558
          },
          "clustering": {
            "mean": 0.4966666666666667,
            "std": 0.03373396654510425
          },
          "modularity": {
            "mean": 0.6372259190372087,
            "std": 0.03113619415836408
          },
          "lambda_max_norm": {
            "mean": 0.11593383763827174,
            "std": 0.006504781709245073
          },
          "degree_w1": {
            "mean": 0.015894454751597613,
            "std": 0.0033530112114501047
          }
        },
        "random_walk": {
          "density": {
            "mean": 0.13706122448979594,
            "std": 0.010495114985900042
          },
          "clustering": {
            "mean": 0.5112978354978355,
            "std": 0.036570515241002126
          },
          "modularity": {
            "mean": 0.5220189104424473,
            "std": 0.030296279852198682
          },
          "lambda_max_norm": {
            "mean": 0.16822622213927976,
            "std": 0.010277879985475231
          },
          "degree_w1": {
            "mean": 0.04381653267367554,
            "std": 0.008983392289761976
          }
        },
        "forest_fire": {
          "density": {
            "mean": 0.14840816326530615,
            "std": 0.010944865803816732
          },
          "clustering": {
            "mean": 0.492314097014097,