{
  "experiment": "e3_decoder_ablation",
  "config": {
    "n": 100,
    "m": 50,
    "replicates": 10,
    "epochs": 300,
    "selection": "random",
    "variants": [
      "vanilla_topk",
      "vanilla_bern",
      "dc_topk",
      "dc_bern"
    ]
  },
  "results": {
    "er": {
      "original": {
        "clustering": 0.09754392474570492,
        "modularity": 0.249575583351751,
        "lambda_max_norm": 0.10914611080509355
      },
      "auc": {
        "vanilla": 0.48821723800493944,
        "dc": 0.5020707841604315
      },
      "methods": {
        "vanilla_topk": {
          "clustering": {
            "mean": 0.5190559551559552,
            "std": 0.04028405644021265
          },
          "modularity": {
            "mean": 0.5271688531493528,
            "std": 0.031930467315932305
          },
          "lambda_max_norm": {
            "mean": 0.1581225344556119,
            "std": 0.018289933132671618
          },
          "degree_w1": {
            "mean": 0.036427128427128426,
            "std": 0.008333010512397793
          }
        },
        "vanilla_bern": {
          "clustering": {
            "mean": 0.09973597513597512,
            "std": 0.01650472180824345
          },
          "modularity": {
            "mean": 0.35363929923744936,
            "std": 0.01872290824521438
          },
          "lambda_max_norm": {
            "mean": 0.1210254115141675,
            "std": 0.005531091947891241
          },
          "degree_w1": {
            "mean": 0.014548752834467122,
            "std": 0.004751892925213505
          }
        },
        "dc_topk": {
          "clustering": {
            "mean": 0.43895466907331765,
            "std": 0.031123773170014662
          },
          "modularity": {
            "mean": 0.3672980214162213,
            "std": 0.0392659029445116
          },
          "lambda_max_norm": {
            "mean": 0.18897660990326298,
            "std": 0.01584015810930038
          },
          "degree_w1": {
            "mean": 0.05521088435374151,
            "std": 0.005914171181923843
          }
        },
        "dc_bern": {
          "clustering": {
            "mean": 0.13968168498168498,
            "std": 0.03926515306730709
          },
          "modularity": {
            "mean": 0.3573027193435734,
            "std": 0.028332607288378935
          },
          "lambda_max_norm": {
            "mean": 0.13086256561490361,
            "std": 0.009756460400683535
          },
          "degree_w1": {
            "mean": 0.024335600907029475,
            "std": 0.004591411338430996
          }
        },
        "uniform_node": {
          "clustering": {
            "mean": 0.09115985125985127,
            "std": 0.027979634532722793
          },
          "modularity": {
            "mean": 0.35224375145049186,
            "std": 0.02625700905324802
          },
          "lambda_max_norm": {
            "mean": 0.12012394920899698,
            "std": 0.008769750391707512
          },
          "degree_w1": {
            "mean": 0.015837146980004123,
            "std": 0.0028644120069990513
          }
        }
      }
    },
    "ba": {
      "original": {
        "clustering": 0.1885901774094737,
        "modularity": 0.2446754570637119,
        "lambda_max_norm": 0.13527849705559025
      },
      "auc": {
        "vanilla": 0.49932095971027624,
        "dc": 0.6139882299683114
      },
      "methods": {
        "vanilla_topk": {
          "clustering": {
            "mean": 0.4550177339568644,
            "std": 0.03784856121019392
          },
          "modularity": {
            "mean": 0.4160550129273197,
            "std": 0.0662410120620964
          },
          "lambda_max_norm": {
            "mean": 0.17686919110342617,
            "std": 0.01957577343364631
          },
          "degree_w1": {
            "mean": 0.03334034219748505,
            "std": 0.007127489717948095
          }
        },
        "vanilla_bern": {
          "clustering": {
            "mean": 0.08486694677871147,
            "std": 0.034373302670862235
          },
          "modularity": {
            "mean": 0.3729594423016124,
            "std": 0.030078367415059707
          },
          "lambda_max_norm": {
            "mean": 0.11444913029778092,
            "std": 0.01532886639479395
          },
          "degree_w1": {
            "mean": 0.024012368583797156,
            "std": 0.003941707132530725
          }
        },
        "dc_topk": {
          "clustering": {
            "mean": 0.5161689023701014,
            "std": 0.04106900797706221
          },
          "modularity": {
            "mean": 0.28450158000574544,
            "std": 0.023590121873833015
          },
          "lambda_max_norm": {
            "mean": 0.2047178202240852,
            "std": 0.007631323118274028
          },
          "degree_w1": {
            "mean": 0.03904184704184704,
            "std": 0.005301214454724166
          }
        },
        "dc_bern": {
          "clustering": {
            "mean": 0.2127760751288615,
            "std": 0.05457263906346263
          },
          "modularity": {
            "mean": 0.3423603456413611,
            "std": 0.02640897771320474
          },
          "lambda_max_norm": {
            "mean": 0.1487529008977403,
            "std": 0.012554087114159838
          },
          "degree_w1": {
            "mean": 0.019235209235209234,
            "std": 0.0047106385531288705
          }
        },
        "uniform_node": {
          "clustering": {
            "mean": 0.1621319101607027,
            "std": 0.05135521642099426
          },
          "modularity": {
            "mean": 0.3447776237005539,
            "std": 0.04610629254610118
          },
          "lambda_max_norm": {
            "mean": 0.1399957531843166,
            "std": 0.019151222947824346
          },
          "degree_w1": {
            "mean": 0.016538445681302825,
            "std": 0.006029839914696765
          }
        }
      }
    },
    "ws": {
      "original": {
        "clustering": 0.49334923964923966,
        "modularity": 0.5103152,
        "lambda_max_norm": 0.10107164246748519
      },
      "auc": {
        "vanilla": 0.9380000000000001,
        "dc": 0.93628
      },
      "methods": {
        "vanilla_topk": {
          "clustering": {
            "mean": 0.6788857142857143,
            "std": 0.05255843802769747
          },
          "modularity": {
            "mean": 0.7002829084287201,
            "std": 0.03205942439420754
          },
          "lambda_max_norm": {
            "mean": 0.14140109074124368,
            "std": 0.00919846622878384
          },
          "degree_w1": {
            "mean": 0.02620284477427335,
            "std": 0.005122819039023765
          }
        },
        "vanilla_bern": {
          "clustering": {
            "mean": 0.18532152292152293,
            "std": 0.04883738105546012
          },
          "modularity": {
            "mean": 0.43653957487755096,
            "std": 0.03411755901814642
          },
          "lambda_max_norm": {
            "mean": 0.1176552296129291,
            "std": 0.010414231398360363
          },
          "degree_w1": {
            "mean": 0.026202020202020206,
            "std": 0.004912419924829073
          }
        },
        "dc_topk": {
          "clustering": {
            "mean": 0.690584126984127,
            "std": 0.026099071668358495
          },
          "modularity": {
            "mean": 0.7002503902185223,
            "std": 0.03432629245892782
          },
          "lambda_max_norm": {
            "mean": 0.1295030659130817,
            "std": 0.00855580952013586
          },
          "degree_w1": {
            "mean": 0.019545660688517836,
            "std": 0.003633618607055391
          }
        },
        "dc_bern": {
          "clustering": {
            "mean": 0.35106955266955264,
            "std": 0.04936730326155497
          },