{
  "experiment": "e5_coarsening",
  "config": {
    "n": 100,
    "m": 50,
    "replicates": 10,
    "epochs": 300
  },
  "results": {
    "er": {
      "original": {
        "clustering": 0.09754392474570492,
        "modularity": 0.249575583351751,
        "lambda_max_norm": 0.10914611080509355
      },
      "methods": {
        "latent_coarsen": {
          "clustering": {
            "mean": 0.23828220080573023,
            "std": 0.04126539811726812
          },
          "modularity": {
            "mean": 0.323436640779571,
            "std": 0.02108957304668674
          },
          "lambda_max_norm": {
            "mean": 0.15570508167809566,
            "std": 0.010232445827854018
          },
          "degree_w1": {
            "mean": 0.040076685219542364,
            "std": 0.0055497532737306746
          }
        },
        "random_coarsen": {
          "clustering": {
            "mean": 0.15173036179506766,
            "std": 0.04517008369972224
          },
          "modularity": {
            "mean": 0.3372631581706716,
            "std": 0.01674680029335172
          },
          "lambda_max_norm": {
            "mean": 0.13862292371541507,
            "std": 0.008804703577328796
          },
          "degree_w1": {
            "mean": 0.02832859204287776,
            "std": 0.005028670110853847
          }
        },
        "latent_decode": {
          "clustering": {
            "mean": 0.1064088023088023,
            "std": 0.02698075237249974
          },
          "modularity": {
            "mean": 0.36527640950778884,
            "std": 0.01990648896735873
          },
          "lambda_max_norm": {
            "mean": 0.12062306557734234,
            "std": 0.006378478732967962
          },
          "degree_w1": {
            "mean": 0.014939187796330652,
            "std": 0.004273932766582837
          }
        },
        "uniform_node": {
          "clustering": {
            "mean": 0.09115985125985127,
            "std": 0.027979634532722793
          },
          "modularity": {
            "mean": 0.35224375145049186,
            "std": 0.02625700905324802
          },
          "lambda_max_norm": {
            "mean": 0.12012394920899698,
            "std": 0.008769750391707512
          },
          "degree_w1": {
            "mean": 0.015837146980004123,
            "std": 0.0028644120069990513
          }
        }
      }
    },
    "ba": {
      "original": {
        "clustering": 0.1885901774094737,
        "modularity": 0.2446754570637119,
        "lambda_max_norm": 0.13527849705559025
      },
      "methods": {
        "latent_coarsen": {
          "clustering": {
            "mean": 0.24203026112741047,
            "std": 0.06183661645752001
          },
          "modularity": {
            "mean": 0.32747055443837975,
            "std": 0.02503745432103402
          },
          "lambda_max_norm": {
            "mean": 0.15635791865145357,
            "std": 0.010431719965497365
          },
          "degree_w1": {
            "mean": 0.024552875695732838,
            "std": 0.003432335885246292
          }
        },
        "random_coarsen": {
          "clustering": {
            "mean": 0.17536388957447782,
            "std": 0.04231200588216087
          },
          "modularity": {
            "mean": 0.32199439816144787,
            "std": 0.019575206198356867
          },
          "lambda_max_norm": {
            "mean": 0.15124069867506962,
            "std": 0.008140865808147163
          },
          "degree_w1": {
            "mean": 0.02092269635126778,
            "std": 0.001571387669494817
          }
        },
        "latent_decode": {
          "clustering": {
            "mean": 0.08786525761819879,
            "std": 0.03268423902397607
          },
          "modularity": {
            "mean": 0.37486650552821343,
            "std": 0.03797429488522777
          },
          "lambda_max_norm": {
            "mean": 0.11218974181084578,
            "std": 0.014379264142569195
          },
          "degree_w1": {
            "mean": 0.023297052154195013,
            "std": 0.003207288786296641
          }
        },
        "uniform_node": {
          "clustering": {
            "mean": 0.1621319101607027,
            "std": 0.05135521642099426
          },
          "modularity": {
            "mean": 0.3447776237005539,
            "std": 0.04610629254610118
          },
          "lambda_max_norm": {
            "mean": 0.1399957531843166,
            "std": 0.019151222947824346
          },
          "degree_w1": {
            "mean": 0.016538445681302825,
            "std": 0.006029839914696765
          }
        }
      }
    },
    "ws": {
      "original": {
        "clustering": 0.49334923964923966,
        "modularity": 0.5103152,
        "lambda_max_norm": 0.10107164246748519
      },
      "methods": {
        "latent_coarsen": {
          "clustering": {
            "mean": 0.4422365079365079,
            "std": 0.030975482994413724
          },
          "modularity": {
            "mean": 0.5410607440166493,
            "std": 0.016474683280980233
          },
          "lambda_max_norm": {
            "mean": 0.11157699730989938,
            "std": 0.0034640808354695217
          },
          "degree_w1": {
            "mean": 0.01712100597814884,
            "std": 0.0020223918816601036
          }
        },
        "random_coarsen": {
          "clustering": {
            "mean": 0.2508367459338048,
            "std": 0.04111512307110997
          },
          "modularity": {
            "mean": 0.3951645421436004,
            "std": 0.028575660807479284
          },
          "lambda_max_norm": {
            "mean": 0.13660356568573778,
            "std": 0.009050138363260522
          },
          "degree_w1": {
            "mean": 0.03707647907647908,
            "std": 0.006232468283539607
          }
        },
        "latent_decode": {
          "clustering": {
            "mean": 0.1848059163059163,
            "std": 0.04900251473742195
          },
          "modularity": {
            "mean": 0.4451140362334402,
            "std": 0.03425797552693882
          },
          "lambda_max_norm": {
            "mean": 0.1176356673763604,
            "std": 0.011317846951993563
          },
          "degree_w1": {
            "mean": 0.02585899814471243,
            "std": 0.005776867655225681
          }
        },
        "uniform_node": {
          "clustering": {
            "mean": 0.4966666666666667,
            "std": 0.03373396654510425
          },
          "modularity": {
            "mean": 0.6372259190372087,
            "std": 0.03113619415836408
          },
          "lambda_max_norm": {
            "mean": 0.11593383763827174,
            "std": 0.006504781709245073
          },
          "degree_w1": {
            "mean": 0.015894454751597613,
            "std": 0.0033530112114501047
          }
        }
      }
    },
    "sbm": {
      "original": {
        "clustering": 0.15070845476333092,
        "modularity": 0.3993384425203257,
        "lambda_max_norm": 0.10735520803948118
      },
      "methods": {
        "latent_coarsen": {
          "clustering": {
            "mean": 0.30562577334945756,
            "std": 0.04798120335601418
          },
          "modularity": {
            "mean": 0.4335409526369811,
            "std": 0.0282857498582453
          },
          "lambda_max_norm": {
            "mean": 0.14835618896881747,
            "std": 0.005416627230923279
          },
          "degree_w1": {
            "mean": 0.03693918779633065,
            "std": 0.0041026468781568985
          }
        },
        "random_coarsen": {
          "clustering": {
            "mean": 0.1687744725862373,
            "std": 0.03883682586360518
          },
          "modularity": {
            "mean": 0.34091916284937895,
            "std": 0.01918614936572177
          },