{
  "experiment": "e6_learned_pooling",
  "config": {
    "n": 100,
    "m": 50,
    "replicates": 10,
    "epochs": 300,
    "learned_partition": "DMoN",
    "kmeans_partition": "latent_coarsen"
  },
  "results": {
    "er": {
      "original": {
        "clustering": 0.09754392474570492,
        "modularity": 0.249575583351751,
        "lambda_max_norm": 0.10914611080509355
      },
      "methods": {
        "learned_coarsen": {
          "clustering": {
            "mean": 0.1312145077145077,
            "std": 0.03564869149853647
          },
          "modularity": {
            "mean": 0.36630327332028745,
            "std": 0.016165311800030502
          },
          "lambda_max_norm": {
            "mean": 0.12554772186108656,
            "std": 0.006307617134794265
          },
          "degree_w1": {
            "mean": 0.017369202226345085,
            "std": 0.0032221670625560473
          }
        },
        "latent_coarsen": {
          "clustering": {
            "mean": 0.20106971030345644,
            "std": 0.033126854598066226
          },
          "modularity": {
            "mean": 0.32957109640133264,
            "std": 0.024499165501304626
          },
          "lambda_max_norm": {
            "mean": 0.15064770094399543,
            "std": 0.008564622525722055
          },
          "degree_w1": {
            "mean": 0.03526530612244898,
            "std": 0.005805895796422032
          }
        },
        "random_coarsen": {
          "clustering": {
            "mean": 0.15173036179506766,
            "std": 0.04517008369972224
          },
          "modularity": {
            "mean": 0.3372631581706716,
            "std": 0.01674680029335172
          },
          "lambda_max_norm": {
            "mean": 0.13862292371541507,
            "std": 0.008804703577328796
          },
          "degree_w1": {
            "mean": 0.02832859204287776,
            "std": 0.005028670110853847
          }
        },
        "uniform_node": {
          "clustering": {
            "mean": 0.09115985125985127,
            "std": 0.027979634532722793
          },
          "modularity": {
            "mean": 0.35224375145049186,
            "std": 0.02625700905324802
          },
          "lambda_max_norm": {
            "mean": 0.12012394920899698,
            "std": 0.008769750391707512
          },
          "degree_w1": {
            "mean": 0.015837146980004123,
            "std": 0.0028644120069990513
          }
        }
      },
      "learned_n_effective_mean": 50.0
    },
    "ba": {
      "original": {
        "clustering": 0.1885901774094737,
        "modularity": 0.2446754570637119,
        "lambda_max_norm": 0.13527849705559025
      },
      "methods": {
        "learned_coarsen": {
          "clustering": {
            "mean": 0.24985606682917894,
            "std": 0.04763171232675809
          },
          "modularity": {
            "mean": 0.3241669060614766,
            "std": 0.02007849083687308
          },
          "lambda_max_norm": {
            "mean": 0.15849512998817505,
            "std": 0.006545699326749843
          },
          "degree_w1": {
            "mean": 0.0175299938157081,
            "std": 0.0029906591381987408
          }
        },
        "latent_coarsen": {
          "clustering": {
            "mean": 0.2349169094721255,
            "std": 0.03647964124887827
          },
          "modularity": {
            "mean": 0.3152578282102844,
            "std": 0.026291907304042336
          },
          "lambda_max_norm": {
            "mean": 0.16280565069355943,
            "std": 0.00872177123170618
          },
          "degree_w1": {
            "mean": 0.02487816944959802,
            "std": 0.004678131595780163
          }
        },
        "random_coarsen": {
          "clustering": {
            "mean": 0.17536388957447782,
            "std": 0.04231200588216087
          },
          "modularity": {
            "mean": 0.32199439816144787,
            "std": 0.019575206198356867
          },
          "lambda_max_norm": {
            "mean": 0.15124069867506962,
            "std": 0.008140865808147163
          },
          "degree_w1": {
            "mean": 0.02092269635126778,
            "std": 0.001571387669494817
          }
        },
        "uniform_node": {
          "clustering": {
            "mean": 0.1621319101607027,
            "std": 0.05135521642099426
          },
          "modularity": {
            "mean": 0.3447776237005539,
            "std": 0.04610629254610118
          },
          "lambda_max_norm": {
            "mean": 0.1399957531843166,
            "std": 0.019151222947824346
          },
          "degree_w1": {
            "mean": 0.016538445681302825,
            "std": 0.006029839914696765
          }
        }
      },
      "learned_n_effective_mean": 50.0
    },
    "ws": {
      "original": {
        "clustering": 0.49334923964923966,
        "modularity": 0.5103152,
        "lambda_max_norm": 0.10107164246748519
      },
      "methods": {
        "learned_coarsen": {
          "clustering": {
            "mean": 0.5004460317460317,
            "std": 0.021647834655592887
          },
          "modularity": {
            "mean": 0.5695889698231008,
            "std": 0.015454424367813302
          },
          "lambda_max_norm": {
            "mean": 0.10770699189736901,
            "std": 0.002394279415644451
          },
          "degree_w1": {
            "mean": 0.008661306947021238,
            "std": 0.0016465603336061497
          }
        },
        "latent_coarsen": {
          "clustering": {
            "mean": 0.4497349206349206,
            "std": 0.04465272796694958
          },
          "modularity": {
            "mean": 0.5325507284079085,
            "std": 0.01903592249981027
          },
          "lambda_max_norm": {
            "mean": 0.11169908145185319,
            "std": 0.0023512762270098764
          },
          "degree_w1": {
            "mean": 0.019761286332714907,
            "std": 0.0024390858746839803
          }
        },
        "random_coarsen": {
          "clustering": {
            "mean": 0.2508367459338048,
            "std": 0.04111512307110997
          },
          "modularity": {
            "mean": 0.3951645421436004,
            "std": 0.028575660807479284
          },
          "lambda_max_norm": {
            "mean": 0.13660356568573778,
            "std": 0.009050138363260522
          },
          "degree_w1": {
            "mean": 0.03707647907647908,
            "std": 0.006232468283539607
          }
        },
        "uniform_node": {
          "clustering": {
            "mean": 0.4966666666666667,
            "std": 0.03373396654510425
          },
          "modularity": {
            "mean": 0.6372259190372087,
            "std": 0.03113619415836408
          },
          "lambda_max_norm": {
            "mean": 0.11593383763827174,
            "std": 0.006504781709245073
          },
          "degree_w1": {
            "mean": 0.015894454751597613,
            "std": 0.0033530112114501047
          }
        }
      },
      "learned_n_effective_mean": 50.0
    },
    "sbm": {
      "original": {
        "clustering": 0.15070845476333092,
        "modularity": 0.3993384425203257,
        "lambda_max_norm": 0.10735520803948118
      },
      "methods": {
        "learned_coarsen": {
          "clustering": {
            "mean": 0.20451904761904763,
            "std": 0.017091861270505514
          },
          "modularity": {
            "mean": 0.4541342979583868,
            "std": 0.0241491114406787
          },
          "lambda_max_norm": {
            "mean": 0.12626892019947517,
            "std": 0.008436866070581025
          },
          "degree_w1": {
            "mean": 0.01584085755514327,
            "std": 0.00427116798591159
          }
        },
        "latent_coarsen": {
          "clustering": {
            "mean": 0.3003080240021416,