{
  "experiment": "d1_dependence_power",
  "config": {
    "k_pairs": 40,
    "n_nodes": 60,
    "rhos": [
      0.0,
      0.25,
      0.5,
      0.75,
      1.0
    ],
    "replicates": 20,
    "n_perm": 200,
    "alpha": 0.05,
    "p_range": [
      0.1,
      0.3
    ]
  },
  "power": {
    "lambda_max": {
      "0.0": 0.05,
      "0.25": 0.25,
      "0.5": 0.9,
      "0.75": 1.0,
      "1.0": 1.0
    },
    "spectral5": {
      "0.0": 0.05,
      "0.25": 0.25,
      "0.5": 0.95,
      "0.75": 1.0,
      "1.0": 1.0
    },
    "features": {
      "0.0": 0.05,
      "0.25": 0.2,
      "0.5": 0.95,
      "0.75": 1.0,
      "1.0": 1.0
    },
    "vgae_sv": {
      "0.0": 0.05,
      "0.25": 0.35,
      "0.5": 0.8,
      "0.75": 1.0,
      "1.0": 1.0
    }
  },
  "pvalues": {
    "0.0|lambda_max": [
      0.4975124378109453,
      0.746268656716418,
      0.8855721393034826,
      0.8606965174129353,
      0.24378109452736318,
      0.3880597014925373,
      0.23383084577114427,
      0.07960199004975124,
      0.024875621890547265,
      0.6666666666666666,
      0.9303482587064676,
      0.14427860696517414,
      0.7263681592039801,
      0.736318407960199,
      0.845771144278607,
      0.8606965174129353,
      0.9900497512437811,
      0.30845771144278605,
      0.5024875621890548,
      0.7810945273631841
    ],
    "0.0|spectral5": [
      0.8407960199004975,
      0.7313432835820896,
      0.845771144278607,
      0.9502487562189055,
      0.5124378109452736,
      0.5422885572139303,
      0.2835820895522388,
      0.0845771144278607,
      0.04477611940298507,
      0.8109452736318408,
      0.945273631840796,
      0.0945273631840796,
      0.9552238805970149,
      0.9104477611940298,
      0.417910447761194,
      0.9850746268656716,
      0.9203980099502488,
      0.8407960199004975,
      0.24378109452736318,
      0.8756218905472637
    ],
    "0.0|features": [
      0.8805970149253731,
      0.6218905472636815,
      0.8109452736318408,
      0.9601990049751243,
      0.48756218905472637,
      0.5422885572139303,
      0.3034825870646766,
      0.07960199004975124,
      0.04477611940298507,
      0.7611940298507462,
      0.900497512437811,
      0.10945273631840796,
      0.9651741293532339,
      0.9303482587064676,
      0.43781094527363185,
      0.9850746268656716,
      0.9154228855721394,
      0.8208955223880597,
      0.22388059701492538,
      0.8905472636815921
    ],
    "0.0|vgae_sv": [
      0.5970149253731343,
      0.9253731343283582,
      0.22388059701492538,
      0.6616915422885572,
      0.5124378109452736,
      0.29850746268656714,
      0.25870646766169153,
      0.17412935323383086,
      0.21393034825870647,
      0.5870646766169154,
      0.8756218905472637,
      0.004975124378109453,
      0.6019900497512438,
      0.8905472636815921,
      0.5771144278606966,
      0.7611940298507462,
      0.9800995024875622,
      0.31343283582089554,
      0.3034825870646766,
      0.7064676616915423
    ],
    "0.25|lambda_max": [
      0.7810945273631841,
      0.014925373134328358,
      0.18407960199004975,
      0.17412935323383086,
      0.0945273631840796,
      0.7064676616915423,
      0.03482587064676617,
      0.7711442786069652,
      0.014925373134328358,
      0.8805970149253731,
      0.9253731343283582,
      0.9552238805970149,
      0.04975124378109453,
      0.024875621890547265,
      0.05970149253731343,
      0.39800995024875624,
      0.5422885572139303,
      0.7860696517412935,
      0.08955223880597014,
      0.19402985074626866
    ],
    "0.25|spectral5": [
      0.9253731343283582,
      0.009950248756218905,
      0.05970149253731343,
      0.19900497512437812,
      0.14427860696517414,
      0.845771144278607,
      0.024875621890547265,
      0.9203980099502488,
      0.014925373134328358,
      0.6318407960199005,
      0.9950248756218906,
      0.7512437810945274,
      0.11442786069651742,
      0.03482587064676617,
      0.06965174129353234,
      0.38308457711442784,
      0.4975124378109453,
      0.9154228855721394,
      0.04477611940298507,
      0.21890547263681592
    ],
    "0.25|features": [
      0.8606965174129353,
      0.009950248756218905,
      0.07462686567164178,
      0.21393034825870647,
      0.14925373134328357,
      0.8756218905472637,
      0.024875621890547265,
      0.9303482587064676,
      0.024875621890547265,
      0.6218905472636815,
      0.9800995024875622,
      0.7313432835820896,
      0.12437810945273632,
      0.03980099502487562,
      0.06467661691542288,
      0.46766169154228854,
      0.4925373134328358,
      0.8855721393034826,
      0.06467661691542288,
      0.22885572139303484
    ],
    "0.25|vgae_sv": [
      0.6069651741293532,
      0.014925373134328358,
      0.46766169154228854,
      0.3034825870646766,
      0.15422885572139303,
      0.472636815920398,
      0.024875621890547265,
      0.845771144278607,
      0.04975124378109453,
      0.8706467661691543,
      0.42786069651741293,
      0.5373134328358209,
      0.03980099502487562,
      0.014925373134328358,
      0.8159203980099502,
      0.03482587064676617,
      0.15920398009950248,
      0.9402985074626866,
      0.004975124378109453,
      0.16417910447761194
    ],
    "0.5|lambda_max": [
      0.009950248756218905,
      0.004975124378109453,
      0.004975124378109453,
      0.004975124378109453,
      0.004975124378109453,
      0.009950248756218905,
      0.004975124378109453,
      0.004975124378109453,
      0.06467661691542288,
      0.009950248756218905,
      0.004975124378109453,
      0.004975124378109453,
      0.004975124378109453,
      0.004975124378109453,
      0.004975124378109453,
      0.004975124378109453,
      0.07960199004975124,
      0.004975124378109453,
      0.01990049751243781,
      0.004975124378109453
    ],
    "0.5|spectral5": [
      0.004975124378109453,
      0.004975124378109453,
      0.004975124378109453,
      0.004975124378109453,
      0.004975124378109453,
      0.009950248756218905,
      0.004975124378109453,
      0.004975124378109453,
      0.06965174129353234,
      0.009950248756218905,
      0.004975124378109453,
      0.004975124378109453,
      0.004975124378109453,
      0.004975124378109453,
      0.004975124378109453,
      0.004975124378109453,
      0.04975124378109453,
      0.004975124378109453,
      0.014925373134328358,
      0.009950248756218905
    ],
    "0.5|features": [
      0.004975124378109453,
      0.004975124378109453,
      0.004975124378109453,
      0.004975124378109453,
      0.004975124378109453,
      0.014925373134328358,
      0.004975124378109453,
      0.004975124378109453,
      0.06467661691542288,
      0.009950248756218905,
      0.004975124378109453,
      0.004975124378109453,
      0.004975124378109453,
      0.004975124378109453,
      0.004975124378109453,
      0.004975124378109453,
      0.029850746268656716,
      0.004975124378109453,
      0.01990049751243781,
      0.009950248756218905
    ],
    "0.5|vgae_sv": [
      0.004975124378109453,
      0.004975124378109453,
      0.004975124378109453,
      0.004975124378109453,
      0.014925373134328358,
      0.01990049751243781,
      0.029850746268656716,
      0.004975124378109453,
      0.14427860696517414,
      0.014925373134328358,
      0.004975124378109453,
      0.004975124378109453,
      0.004975124378109453,
      0.004975124378109453,
      0.014925373134328358,
      0.009950248756218905,
      0.19900497512437812,
      0.009950248756218905,
      0.2835820895522388,
      0.07960199004975124
    ],