{
  "experiment": "d3_scaled",
  "config": {
    "k_pairs": 40,
    "n_nodes": 60,
    "rhos": [
      0.0,
      0.5,
      1.0
    ],
    "conditions": [
      "both",
      "p_out"
    ],
    "replicates": 100,
    "n_perm": 200,
    "alpha": 0.05,
    "seed_base": 7000000,
    "combined": "hstack(whiten(spec5), whiten(vgae_sv))"
  },
  "power": {
    "both": {
      "0.0": {
        "lambda_max": {
          "power": 0.07,
          "ci95": [
            0.034318824364064096,
            0.13749671006529757
          ]
        },
        "spectral5": {
          "power": 0.07,
          "ci95": [
            0.034318824364064096,
            0.13749671006529757
          ]
        },
        "spec5_white": {
          "power": 0.02,
          "ci95": [
            0.005501852234968185,
            0.07001316294199365
          ]
        },
        "vgae_sv": {
          "power": 0.1,
          "ci95": [
            0.05522854161313613,
            0.1743673043676654
          ]
        },
        "combined": {
          "power": 0.06,
          "ci95": [
            0.02778574526665662,
            0.12476968531222507
          ]
        }
      },
      "0.5": {
        "lambda_max": {
          "power": 0.76,
          "ci95": [
            0.6676748127670786,
            0.8330878873454004
          ]
        },
        "spectral5": {
          "power": 0.77,
          "ci95": [
            0.6784543514317231,
            0.841568452531236
          ]
        },
        "spec5_white": {
          "power": 0.5,
          "ci95": [
            0.40382982859014716,
            0.5961701714098528
          ]
        },
        "vgae_sv": {
          "power": 0.49,
          "ci95": [
            0.3942183009238615,
            0.5865215952256586
          ]
        },
        "combined": {
          "power": 0.63,
          "ci95": [
            0.5322034757513312,
            0.7181778743049083
          ]
        }
      },
      "1.0": {
        "lambda_max": {
          "power": 1.0,
          "ci95": [
            0.9630051925239981,
            0.9999999999999999
          ]
        },
        "spectral5": {
          "power": 1.0,
          "ci95": [
            0.9630051925239981,
            0.9999999999999999
          ]
        },
        "spec5_white": {
          "power": 1.0,
          "ci95": [
            0.9630051925239981,
            0.9999999999999999
          ]
        },
        "vgae_sv": {
          "power": 0.86,
          "ci95": [
            0.7786263961619276,
            0.914737342455351
          ]
        },
        "combined": {
          "power": 1.0,
          "ci95": [
            0.9630051925239981,
            0.9999999999999999
          ]
        }
      }
    },
    "p_out": {
      "0.0": {
        "lambda_max": {
          "power": 0.07,
          "ci95": [
            0.034318824364064096,
            0.13749671006529757
          ]
        },
        "spectral5": {
          "power": 0.04,
          "ci95": [
            0.015663050551848016,
            0.09837217232607373
          ]
        },
        "spec5_white": {
          "power": 0.02,
          "ci95": [
            0.005501852234968185,
            0.07001316294199365
          ]
        },
        "vgae_sv": {
          "power": 0.05,
          "ci95": [
            0.02154336145631356,
            0.11175196527208817
          ]
        },
        "combined": {
          "power": 0.03,
          "ci95": [
            0.010254338223414816,
            0.08452078080402699
          ]
        }
      },
      "0.5": {
        "lambda_max": {
          "power": 0.07,
          "ci95": [
            0.034318824364064096,
            0.13749671006529757
          ]
        },
        "spectral5": {
          "power": 0.06,
          "ci95": [
            0.02778574526665662,
            0.12476968531222507
          ]
        },
        "spec5_white": {
          "power": 0.23,
          "ci95": [
            0.15843154746876406,
            0.32154564856827694
          ]
        },
        "vgae_sv": {
          "power": 0.28,
          "ci95": [
            0.2013955916759837,
            0.37488212361345724
          ]
        },
        "combined": {
          "power": 0.18,
          "ci95": [
            0.11700131654251038,
            0.26667536024213084
          ]
        }
      }
    }
  },
  "complete": false
}