{
  "experiment": "d4_sensitivity",
  "config": {
    "ns": [
      40,
      60,
      100,
      150
    ],
    "ks": [
      20,
      40,
      80
    ],
    "rhos": [
      0.0,
      1.0
    ],
    "condition": "p_out",
    "replicates": 100,
    "n_perm": 200,
    "alpha": 0.05
  },
  "grid": {
    "n=40|k=20|rho=0.0": {
      "lambda_max": {
        "power": 0.1,
        "ci95": [
          0.05522854161313613,
          0.1743673043676654
        ]
      },
      "spectral5": {
        "power": 0.08,
        "ci95": [
          0.04109296948581091,
          0.14998266879403072
        ]
      },
      "spec5_white": {
        "power": 0.06,
        "ci95": [
          0.02778574526665662,
          0.12476968531222507
        ]
      }
    },
    "n=40|k=20|rho=1.0": {
      "lambda_max": {
        "power": 0.07,
        "ci95": [
          0.034318824364064096,
          0.13749671006529757
        ]
      },
      "spectral5": {
        "power": 0.09,
        "ci95": [
          0.04807199516388488,
          0.16226374696643667
        ]
      },
      "spec5_white": {
        "power": 0.18,
        "ci95": [
          0.11700131654251038,
          0.26667536024213084
        ]
      }
    },
    "n=40|k=40|rho=0.0": {
      "lambda_max": {
        "power": 0.04,
        "ci95": [
          0.015663050551848016,
          0.09837217232607373
        ]
      },
      "spectral5": {
        "power": 0.01,
        "ci95": [
          0.0017673865655472645,
          0.0544875247609346
        ]
      },
      "spec5_white": {
        "power": 0.03,
        "ci95": [
          0.010254338223414816,
          0.08452078080402699
        ]
      }
    },
    "n=40|k=40|rho=1.0": {
      "lambda_max": {
        "power": 0.14,
        "ci95": [
          0.08526265754464905,
          0.22137360383807236
        ]
      },
      "spectral5": {
        "power": 0.12,
        "ci95": [
          0.06999337365267776,
          0.19812268002908368
        ]
      },
      "spec5_white": {
        "power": 0.61,
        "ci95": [
          0.5120283616749817,
          0.699832780680298
        ]
      }
    },
    "n=40|k=80|rho=0.0": {
      "lambda_max": {
        "power": 0.08,
        "ci95": [
          0.04109296948581091,
          0.14998266879403072
        ]
      },
      "spectral5": {
        "power": 0.07,
        "ci95": [
          0.034318824364064096,
          0.13749671006529757
        ]
      },
      "spec5_white": {
        "power": 0.03,
        "ci95": [
          0.010254338223414816,
          0.08452078080402699
        ]
      }
    },
    "n=40|k=80|rho=1.0": {
      "lambda_max": {
        "power": 0.27,
        "ci95": [
          0.1926946091766482,
          0.3643230022623127
        ]
      },
      "spectral5": {
        "power": 0.18,
        "ci95": [
          0.11700131654251038,
          0.26667536024213084
        ]
      },
      "spec5_white": {
        "power": 0.98,
        "ci95": [
          0.9299868370580063,
          0.9944981477650318
        ]
      }
    },
    "n=60|k=20|rho=0.0": {
      "lambda_max": {
        "power": 0.13,
        "ci95": [
          0.07757093858414264,
          0.20980521894809878
        ]
      },
      "spectral5": {
        "power": 0.1,
        "ci95": [
          0.05522854161313613,
          0.1743673043676654
        ]
      },
      "spec5_white": {
        "power": 0.02,
        "ci95": [
          0.005501852234968185,
          0.07001316294199365
        ]
      }
    },
    "n=60|k=20|rho=1.0": {
      "lambda_max": {
        "power": 0.11,
        "ci95": [
          0.06254131955225126,
          0.18631463027903022
        ]
      },
      "spectral5": {
        "power": 0.16,
        "ci95": [
          0.10095202349473717,
          0.24420444558894414
        ]
      },
      "spec5_white": {
        "power": 0.38,
        "ci95": [
          0.2909744920013438,
          0.47790426179289663
        ]
      }
    },
    "n=60|k=40|rho=0.0": {
      "lambda_max": {
        "power": 0.07,
        "ci95": [
          0.034318824364064096,
          0.13749671006529757
        ]
      },
      "spectral5": {
        "power": 0.06,
        "ci95": [
          0.02778574526665662,
          0.12476968531222507
        ]
      },
      "spec5_white": {
        "power": 0.05,
        "ci95": [
          0.02154336145631356,
          0.11175196527208817
        ]
      }
    },
    "n=60|k=40|rho=1.0": {
      "lambda_max": {
        "power": 0.11,
        "ci95": [
          0.06254131955225126,
          0.18631463027903022
        ]
      },
      "spectral5": {
        "power": 0.12,
        "ci95": [
          0.06999337365267776,
          0.19812268002908368
        ]
      },
      "spec5_white": {
        "power": 0.94,
        "ci95": [
          0.8752303146877748,
          0.9722142547333433
        ]
      }
    },
    "n=60|k=80|rho=0.0": {
      "lambda_max": {
        "power": 0.08,
        "ci95": [
          0.04109296948581091,
          0.14998266879403072
        ]
      },
      "spectral5": {
        "power": 0.07,
        "ci95": [
          0.034318824364064096,
          0.13749671006529757
        ]
      },
      "spec5_white": {
        "power": 0.03,
        "ci95": [
          0.010254338223414816,
          0.08452078080402699
        ]
      }
    },
    "n=60|k=80|rho=1.0": {
      "lambda_max": {
        "power": 0.3,
        "ci95": [
          0.21894753866228117,
          0.39585038432811953
        ]
      },
      "spectral5": {
        "power": 0.36,
        "ci95": [
          0.2727107459049014,
          0.45764780018837914
        ]
      },
      "spec5_white": {
        "power": 1.0,
        "ci95": [
          0.9630051925239981,
          0.9999999999999999
        ]
      }
    },
    "n=100|k=20|rho=0.0": {
      "lambda_max": {
        "power": 0.03,
        "ci95": [
          0.010254338223414816,
          0.08452078080402699
        ]
      },
      "spectral5": {
        "power": 0.04,
        "ci95": [
          0.015663050551848016,
          0.09837217232607373
        ]
      },
      "spec5_white": {
        "power": 0.06,
        "ci95": [
          0.02778574526665662,
          0.12476968531222507
        ]
      }
    },
    "n=100|k=20|rho=1.0": {
      "lambda_max": {
        "power": 0.16,
        "ci95": [
          0.10095202349473717,
          0.24420444558894414
        ]
      },
      "spectral5": {
        "power": 0.12,
        "ci95": [
          0.06999337365267776,
          0.19812268002908368
        ]
      },
      "spec5_white": {
        "power": 0.66,
        "ci95": [
          0.5627754565831095,
          0.74538620502457
        ]
      }
    },
    "n=100|k=40|rho=0.0": {
      "lambda_max": {
        "power": 0.04,
        "ci95": [
          0.015663050551848016,
          0.09837217232607373
        ]
      },
      "spectral5": {
        "power": 0.05,
        "ci95": [
          0.02154336145631356,
          0.11175196527208817
        ]
      },
      "spec5_white": {
        "power": 0.05,
        "ci95": [
          0.02154336145631356,
          0.11175196527208817
        ]
      }
    },
    "n=100|k=40|rho=1.0": {
      "lambda_max": {
        "power": 0.12,
        "ci95": [
          0.06999337365267776,
          0.19812268002908368
        ]
      },
      "spectral5": {
        "power": 0.14,
        "ci95": [
          0.08526265754464905,
          0.22137360383807236
        ]
      },
      "spec5_white": {
        "power": 1.0,
        "ci95": [
          0.9630051925239981,
          0.9999999999999999
        ]
      }
    },
    "n=100|k=80|rho=0.0": {
      "lambda_max": {
        "power": 0.04,
        "ci95": [
          0.015663050551848016,
          0.09837217232607373
        ]
      },
      "spectral5": {
        "power": 0.03,
        "ci95": [
          0.010254338223414816,
          0.08452078080402699
        ]
      },