{
  "experiment": "e4_scale",
  "config": {
    "n": 1000,
    "ms": [
      50,
      100
    ],
    "replicates": 5,
    "epochs": 300,
    "families": {
      "er": "ER(1000, 0.01)",
      "ba": "BA(1000, 5)",
      "sbm": "SBM(4x250, 0.03, 0.003)"
    }
  },
  "results": {
    "er": {
      "original": {
        "clustering": 0.010418193582998267,
        "modularity": 0.2793727074616467,
        "lambda_max_norm": 0.011095076958001323
      },
      "auc": {
        "vanilla": 0.5015800444543232,
        "dc": 0.5032407606183805
      },
      "methods": {
        "vanilla_bern|m=50": {
          "clustering": {
            "mean": 0.0,
            "std": 0.0
          },
          "modularity": {
            "mean": 0.7736789415490714,
            "std": 0.10861503937812629
          },
          "lambda_max_norm": {
            "mean": 0.03649903265431205,
            "std": 0.0043351500798034575
          },
          "degree_w1": {
            "mean": 0.009905628077056649,
            "std": 0.0010261374579618565
          }
        },
        "dc_bern|m=50": {
          "clustering": {
            "mean": 0.0,
            "std": 0.0
          },
          "modularity": {
            "mean": 0.7905810657596373,
            "std": 0.05193458279224111
          },
          "lambda_max_norm": {
            "mean": 0.03192179862747921,
            "std": 0.00319372193280127
          },
          "degree_w1": {
            "mean": 0.009447349390206533,
            "std": 0.0006128553372917075
          }
        },
        "uniform_node|m=50": {
          "clustering": {
            "mean": 0.0,
            "std": 0.0
          },
          "modularity": {
            "mean": 0.7863339002267573,
            "std": 0.07628348820824826
          },
          "lambda_max_norm": {
            "mean": 0.03550014153713223,
            "std": 0.004724378788096684
          },
          "degree_w1": {
            "mean": 0.010078805335948193,
            "std": 0.0010678897966104777
          }
        },
        "random_walk|m=50": {
          "clustering": {
            "mean": 0.01578730158730159,
            "std": 0.021655870558692048
          },
          "modularity": {
            "mean": 0.606151610541097,
            "std": 0.03587432751906573
          },
          "lambda_max_norm": {
            "mean": 0.06307878391481651,
            "std": 0.008224352725962938
          },
          "degree_w1": {
            "mean": 0.03895476701190987,
            "std": 0.002650390785896423
          }
        },
        "forest_fire|m=50": {
          "clustering": {
            "mean": 0.025927183927183926,
            "std": 0.029314439756004885
          },
          "modularity": {
            "mean": 0.5890938500505571,
            "std": 0.0377935914426485
          },
          "lambda_max_norm": {
            "mean": 0.07816314414770495,
            "std": 0.00469114663269092
          },
          "degree_w1": {
            "mean": 0.03993435884864456,
            "std": 0.002907227642177628
          }
        },
        "vanilla_bern|m=100": {
          "clustering": {
            "mean": 0.009333333333333334,
            "std": 0.011430952132988165
          },
          "modularity": {
            "mean": 0.8681375385871499,
            "std": 0.021061779401638635
          },
          "lambda_max_norm": {
            "mean": 0.022905540316516867,
            "std": 0.0011400014484964187
          },
          "degree_w1": {
            "mean": 0.005293111293111294,
            "std": 0.0002489919739339889
          }
        },
        "dc_bern|m=100": {
          "clustering": {
            "mean": 0.0026666666666666666,
            "std": 0.005333333333333333
          },
          "modularity": {
            "mean": 0.819089749721746,
            "std": 0.023410675890106127
          },
          "lambda_max_norm": {
            "mean": 0.02653803149858509,
            "std": 0.002677424385413222
          },
          "degree_w1": {
            "mean": 0.005783638183638184,
            "std": 7.994639690871858e-05
          }
        },
        "uniform_node|m=100": {
          "clustering": {
            "mean": 0.0,
            "std": 0.0
          },
          "modularity": {
            "mean": 0.8645621159357049,
            "std": 0.05468190606429439
          },
          "lambda_max_norm": {
            "mean": 0.02259978532020303,
            "std": 0.0030090071208935857
          },
          "degree_w1": {
            "mean": 0.0052998088998089,
            "std": 0.0007505530341324262
          }
        },
        "random_walk|m=100": {
          "clustering": {
            "mean": 0.01380894660894661,
            "std": 0.017660666922460277
          },
          "modularity": {
            "mean": 0.6083938494858808,
            "std": 0.022415530699674998
          },
          "lambda_max_norm": {
            "mean": 0.037051475450288224,
            "std": 0.0033411805289857836
          },
          "degree_w1": {
            "mean": 0.0180963872963873,
            "std": 0.0015030797567949002
          }
        },
        "forest_fire|m=100": {
          "clustering": {
            "mean": 0.035211843711843716,
            "std": 0.01469493573708622
          },
          "modularity": {
            "mean": 0.5644234098617154,
            "std": 0.020637936508061696
          },
          "lambda_max_norm": {
            "mean": 0.045883142549429094,
            "std": 0.0017914839257213951
          },
          "degree_w1": {
            "mean": 0.020399417599417602,
            "std": 0.0007765449742543887
          }
        }
      }
    },
    "ba": {
      "original": {
        "clustering": 0.039165021463648406,
        "modularity": 0.2766262306507411,
        "lambda_max_norm": 0.020282287758530106
      },
      "auc": {
        "vanilla": 0.5077183422466389,
        "dc": 0.6115518058046469
      },
      "methods": {
        "vanilla_bern|m=50": {
          "clustering": {
            "mean": 0.0,
            "std": 0.0
          },
          "modularity": {
            "mean": 0.8013002754820937,
            "std": 0.04771147040707235
          },
          "lambda_max_norm": {
            "mean": 0.036791375445365385,
            "std": 0.00299574647258482
          },
          "degree_w1": {
            "mean": 0.0072101489244346395,
            "std": 0.00010085570103767047
          }
        },
        "dc_bern|m=50": {
          "clustering": {
            "mean": 0.008400000000000001,
            "std": 0.016800000000000002
          },
          "modularity": {
            "mean": 0.7532389341705026,
            "std": 0.06643031570899341
          },
          "lambda_max_norm": {
            "mean": 0.037494917093004294,
            "std": 0.007775938657536223
          },
          "degree_w1": {
            "mean": 0.00743259994688566,
            "std": 0.0007163284103339731
          }
        },
        "uniform_node|m=50": {
          "clustering": {
            "mean": 0.0,
            "std": 0.0
          },
          "modularity": {
            "mean": 0.6855277712455272,
            "std": 0.10821685534055782
          },
          "lambda_max_norm": {
            "mean": 0.04136371677822477,
            "std": 0.011694688672062019
          },
          "degree_w1": {
            "mean": 0.009334297562868993,
            "std": 0.0024427852908809776
          }
        },
        "random_walk|m=50": {
          "clustering": {
            "mean": 0.0608961704961705,
            "std": 0.027445739958064375
          },
          "modularity": {
            "mean": 0.48063129297673435,
            "std": 0.04332153162190483
          },
          "lambda_max_norm": {
            "mean": 0.1022674449930443,
            "std": 0.012252202591089965
          },
          "degree_w1": {
            "mean": 0.05550942779514208,