{
  "experiment": "d3c_type1_diagnostic",
  "config": {
    "k_pairs": 40,
    "n_nodes": 60,
    "rho": 0.0,
    "replicates": 100,
    "n_perm": 200,
    "alpha": 0.05,
    "seeding": "SeedSequence(20260606).spawn(3): data/train/perm"
  },
  "type1": {
    "lambda_max": 0.03,
    "spec5_white": 0.03,
    "vgae_sv": 0.05,
    "bonferroni_min": 0.02
  },
  "pvalues": {
    "lambda_max": [
      0.8656716417910447,
      0.9800995024875622,
      0.5323383084577115,
      0.05970149253731343,
      0.34328358208955223,
      0.9402985074626866,
      0.40298507462686567,
      0.31343283582089554,
      0.23383084577114427,
      0.7960199004975125,
      0.6766169154228856,
      0.4975124378109453,
      0.9104477611940298,
      0.44776119402985076,
      0.24875621890547264,
      0.8756218905472637,
      0.16417910447761194,
      0.22885572139303484,
      0.9154228855721394,
      0.5920398009950248,
      0.7562189054726368,
      0.9402985074626866,
      0.39800995024875624,
      0.7661691542288557,
      0.9253731343283582,
      0.5472636815920398,
      0.34328358208955223,
      0.9303482587064676,
      0.3880597014925373,
      0.8308457711442786,
      0.39800995024875624,
      0.835820895522388,
      0.6915422885572139,
      0.05970149253731343,
      0.8656716417910447,
      0.26865671641791045,
      0.03980099502487562,
      0.6567164179104478,
      0.46766169154228854,
      1.0,
      0.5422885572139303,
      0.472636815920398,
      0.835820895522388,
      0.20398009950248755,
      0.5422885572139303,
      0.2736318407960199,
      0.11940298507462686,
      0.014925373134328358,
      0.3383084577114428,
      0.7960199004975125,
      0.5124378109452736,
      0.39303482587064675,
      0.6218905472636815,
      0.5024875621890548,
      0.4228855721393035,
      0.8557213930348259,
      0.24378109452736318,
      0.9701492537313433,
      0.3283582089552239,
      0.8009950248756219,
      0.5920398009950248,
      0.6517412935323383,
      0.09950248756218906,
      0.27860696517412936,
      0.5323383084577115,
      0.05970149253731343,
      0.09950248756218906,
      0.5970149253731343,
      0.9253731343283582,
      0.5621890547263682,
      0.40298507462686567,
      0.10945273631840796,
      0.5920398009950248,
      0.5671641791044776,
      0.23383084577114427,
      0.4079601990049751,
      0.8159203980099502,
      0.5870646766169154,
      0.6567164179104478,
      0.6865671641791045,
      0.9303482587064676,
      0.24875621890547264,
      0.3283582089552239,
      0.3880597014925373,
      0.6716417910447762,
      0.3781094527363184,
      0.2736318407960199,
      0.582089552238806,
      0.9751243781094527,
      0.8407960199004975,
      0.9253731343283582,
      0.5970149253731343,
      0.8756218905472637,
      0.7562189054726368,
      0.6218905472636815,
      0.5920398009950248,
      0.6019900497512438,
      0.024875621890547265,
      0.8258706467661692,
      0.6417910447761194
    ],
    "spec5_white": [
      0.7661691542288557,
      0.09950248756218906,
      0.7810945273631841,
      0.05970149253731343,
      0.46766169154228854,
      0.8009950248756219,
      0.3283582089552239,
      0.7860696517412935,
      0.7810945273631841,
      0.9850746268656716,
      0.6169154228855721,
      0.5522388059701493,
      0.945273631840796,
      0.5223880597014925,
      0.6965174129353234,
      0.7910447761194029,
      0.10945273631840796,
      0.13930348258706468,
      0.26865671641791045,
      0.6766169154228856,
      0.5373134328358209,
      0.8606965174129353,
      0.7164179104477612,
      0.48756218905472637,
      0.7761194029850746,
      0.8955223880597015,
      0.48258706467661694,
      0.9601990049751243,
      0.3482587064676617,
      0.7213930348258707,
      0.6019900497512438,
      0.2736318407960199,
      0.8706467661691543,
      0.15422885572139303,
      0.43781094527363185,
      0.12935323383084577,
      0.5223880597014925,
      0.5373134328358209,
      0.03980099502487562,
      0.9950248756218906,
      0.7014925373134329,
      0.5373134328358209,
      0.06965174129353234,
      0.23383084577114427,
      0.26865671641791045,
      0.26865671641791045,
      0.8507462686567164,
      0.21890547263681592,
      0.029850746268656716,
      0.6119402985074627,
      0.5024875621890548,
      0.5522388059701493,
      0.7313432835820896,
      0.8706467661691543,
      0.44776119402985076,
      0.8805970149253731,
      0.9303482587064676,
      0.5422885572139303,
      0.4527363184079602,
      0.7611940298507462,
      0.7512437810945274,
      0.4925373134328358,
      0.8955223880597015,
      0.7860696517412935,
      0.746268656716418,
      0.48258706467661694,
      0.6766169154228856,
      0.7711442786069652,
      0.835820895522388,
      0.9154228855721394,
      0.8756218905472637,
      0.12437810945273632,
      0.10945273631840796,
      0.7960199004975125,
      0.4975124378109453,
      0.527363184079602,
      0.5074626865671642,
      0.8159203980099502,
      0.9701492537313433,
      0.5970149253731343,
      0.1890547263681592,
      0.46766169154228854,
      0.9303482587064676,
      0.6766169154228856,
      0.4228855721393035,
      0.9950248756218906,
      0.6368159203980099,
      0.23383084577114427,
      0.845771144278607,
      0.7860696517412935,
      0.9104477611940298,
      0.8308457711442786,
      0.9900497512437811,
      0.7960199004975125,
      0.9850746268656716,
      0.5024875621890548,
      0.6766169154228856,
      0.04975124378109453,
      0.42786069651741293,
      0.3034825870646766
    ],