{
  "experiment": "d3d_definitive",
  "config": {
    "k_pairs": 40,
    "n_nodes": 60,
    "rhos": [
      0.0,
      0.5,
      1.0
    ],
    "conditions": [
      "both",
      "p_out"
    ],
    "replicates": 100,
    "n_perm": 200,
    "alpha": 0.05,
    "seeding": "SeedSequence(1262026), spawned per cell: data/train/perm (D3c-validated)"
  },
  "power": {
    "both": {
      "0.0": {
        "lambda_max": {
          "power": 0.0,
          "ci95": [
            0.0,
            0.03699480747600191
          ]
        },
        "spectral5": {
          "power": 0.01,
          "ci95": [
            0.0017673865655472645,
            0.0544875247609346
          ]
        },
        "spec5_white": {
          "power": 0.04,
          "ci95": [
            0.015663050551848016,
            0.09837217232607373
          ]
        },
        "vgae_sv": {
          "power": 0.05,
          "ci95": [
            0.02154336145631356,
            0.11175196527208817
          ]
        },
        "concat": {
          "power": 0.06,
          "ci95": [
            0.02778574526665662,
            0.12476968531222507
          ]
        },
        "bonferroni_min": {
          "power": 0.04,
          "ci95": [
            0.015663050551848016,
            0.09837217232607373
          ]
        }
      },
      "0.5": {
        "lambda_max": {
          "power": 0.9,
          "ci95": [
            0.8256326956323347,
            0.9447714583868639
          ]
        },
        "spectral5": {
          "power": 0.87,
          "ci95": [
            0.7901947810519012,
            0.9224290614158575
          ]
        },
        "spec5_white": {
          "power": 0.65,
          "ci95": [
            0.5525426042919797,
            0.7363589534652197
          ]
        },
        "vgae_sv": {
          "power": 0.35,
          "ci95": [
            0.2636410465347802,
            0.4474573957080203
          ]
        },
        "concat": {
          "power": 0.64,
          "ci95": [
            0.542352199811621,
            0.7272892540950986
          ]
        },
        "bonferroni_min": {
          "power": 0.6,
          "ci95": [
            0.5020007846184025,
            0.6906002538863971
          ]
        }
      },
      "1.0": {
        "lambda_max": {
          "power": 1.0,
          "ci95": [
            0.9630051925239981,
            0.9999999999999999
          ]
        },
        "spectral5": {
          "power": 1.0,
          "ci95": [
            0.9630051925239981,
            0.9999999999999999
          ]
        },
        "spec5_white": {
          "power": 1.0,
          "ci95": [
            0.9630051925239981,
            0.9999999999999999
          ]
        },
        "vgae_sv": {
          "power": 0.92,
          "ci95": [
            0.8500173312059693,
            0.9589070305141891
          ]
        },
        "concat": {
          "power": 1.0,
          "ci95": [
            0.9630051925239981,
            0.9999999999999999
          ]
        },
        "bonferroni_min": {
          "power": 1.0,
          "ci95": [
            0.9630051925239981,
            0.9999999999999999
          ]
        }
      }
    },
    "p_out": {
      "0.0": {
        "lambda_max": {
          "power": 0.07,
          "ci95": [
            0.034318824364064096,
            0.13749671006529757
          ]
        },
        "spectral5": {
          "power": 0.04,
          "ci95": [
            0.015663050551848016,
            0.09837217232607373
          ]
        },
        "spec5_white": {
          "power": 0.04,
          "ci95": [
            0.015663050551848016,
            0.09837217232607373
          ]
        },
        "vgae_sv": {
          "power": 0.07,
          "ci95": [
            0.034318824364064096,
            0.13749671006529757
          ]
        },
        "concat": {
          "power": 0.07,
          "ci95": [
            0.034318824364064096,
            0.13749671006529757
          ]
        },
        "bonferroni_min": {
          "power": 0.05,
          "ci95": [
            0.02154336145631356,
            0.11175196527208817
          ]
        }
      },
      "0.5": {
        "lambda_max": {
          "power": 0.06,
          "ci95": [
            0.02778574526665662,
            0.12476968531222507
          ]
        },
        "spectral5": {
          "power": 0.07,
          "ci95": [
            0.034318824364064096,
            0.13749671006529757
          ]
        },
        "spec5_white": {
          "power": 0.18,
          "ci95": [
            0.11700131654251038,
            0.26667536024213084
          ]
        },
        "vgae_sv": {
          "power": 0.3,
          "ci95": [
            0.21894753866228117,
            0.39585038432811953
          ]
        },
        "concat": {
          "power": 0.21,
          "ci95": [
            0.14165549531645788,
            0.2998014930196232
          ]
        },
        "bonferroni_min": {
          "power": 0.33,
          "ci95": [
            0.24562983793895452,
            0.4269483966028862
          ]
        }
      },
      "1.0": {
        "lambda_max": {
          "power": 0.07,
          "ci95": [
            0.034318824364064096,
            0.13749671006529757
          ]
        },
        "spectral5": {
          "power": 0.19,
          "ci95": [
            0.1251465399270426,
            0.27779024070807856
          ]
        },
        "spec5_white": {
          "power": 0.97,
          "ci95": [
            0.915479219195973,
            0.9897456617765851
          ]
        },
        "vgae_sv": {
          "power": 0.89,
          "ci95": [
            0.8136853697209698,
            0.9374586804477487
          ]
        },
        "concat": {
          "power": 0.99,
          "ci95": [
            0.9455124752390653,
            0.9982326134344526
          ]
        },
        "bonferroni_min": {
          "power": 0.98,
          "ci95": [
            0.9299868370580063,
            0.9944981477650318
          ]
        }
      }
    }
  },
  "complete": true
}