{
  "experiment": "d5_realism",
  "config": {
    "n_nodes": 60,
    "k_pairs": 40,
    "replicates": 100,
    "n_perm": 200,
    "alpha": 0.05,
    "rhos": [
      0.0,
      1.0
    ],
    "generators": {
      "sbm2": {
        "n_blocks": 2,
        "degree_hetero": 0.0
      },
      "dcsbm2": {
        "n_blocks": 2,
        "degree_hetero": 0.5
      },
      "sbm4": {
        "n_blocks": 4,
        "degree_hetero": 0.0
      },
      "dcsbm4": {
        "n_blocks": 4,
        "degree_hetero": 0.5
      }
    }
  },
  "results": {
    "sbm2": {
      "0.0": {
        "lambda_max": {
          "power": 0.05,
          "ci95": [
            0.02154336145631356,
            0.11175196527208817
          ]
        },
        "spectral5": {
          "power": 0.04,
          "ci95": [
            0.015663050551848016,
            0.09837217232607373
          ]
        },
        "spec5_white": {
          "power": 0.05,
          "ci95": [
            0.02154336145631356,
            0.11175196527208817
          ]
        },
        "vgae_sv": {
          "power": 0.03,
          "ci95": [
            0.010254338223414816,
            0.08452078080402699
          ]
        }
      },
      "1.0": {
        "lambda_max": {
          "power": 0.13,
          "ci95": [
            0.07757093858414264,
            0.20980521894809878
          ]
        },
        "spectral5": {
          "power": 0.17,
          "ci95": [
            0.10893476059773155,
            0.25548181233642975
          ]
        },
        "spec5_white": {
          "power": 0.97,
          "ci95": [
            0.915479219195973,
            0.9897456617765851
          ]
        },
        "vgae_sv": {
          "power": 0.9,
          "ci95": [
            0.8256326956323347,
            0.9447714583868639
          ]
        }
      }
    },
    "dcsbm2": {
      "0.0": {
        "lambda_max": {
          "power": 0.01,
          "ci95": [
            0.0017673865655472645,
            0.0544875247609346
          ]
        },
        "spectral5": {
          "power": 0.01,
          "ci95": [
            0.0017673865655472645,
            0.0544875247609346
          ]
        },
        "spec5_white": {
          "power": 0.07,
          "ci95": [
            0.034318824364064096,
            0.13749671006529757
          ]
        },
        "vgae_sv": {
          "power": 0.04,
          "ci95": [
            0.015663050551848016,
            0.09837217232607373
          ]
        }
      },
      "1.0": {
        "lambda_max": {
          "power": 0.17,
          "ci95": [
            0.10893476059773155,
            0.25548181233642975
          ]
        },
        "spectral5": {
          "power": 0.31,
          "ci95": [
            0.22779563206132378,
            0.40626239477955695
          ]
        },
        "spec5_white": {
          "power": 0.92,
          "ci95": [
            0.8500173312059693,
            0.9589070305141891
          ]
        },
        "vgae_sv": {
          "power": 0.81,
          "ci95": [
            0.7222097592919214,
            0.8748534600729574
          ]
        }
      }
    },
    "sbm4": {
      "0.0": {
        "lambda_max": {
          "power": 0.07,
          "ci95": [
            0.034318824364064096,
            0.13749671006529757
          ]
        },
        "spectral5": {
          "power": 0.07,
          "ci95": [
            0.034318824364064096,
            0.13749671006529757
          ]
        },
        "spec5_white": {
          "power": 0.02,
          "ci95": [
            0.005501852234968185,
            0.07001316294199365
          ]
        },
        "vgae_sv": {
          "power": 0.04,
          "ci95": [
            0.015663050551848016,
            0.09837217232607373
          ]
        }
      },
      "1.0": {
        "lambda_max": {
          "power": 0.98,
          "ci95": [
            0.9299868370580063,
            0.9944981477650318
          ]
        },
        "spectral5": {
          "power": 0.96,
          "ci95": [
            0.9016278276739262,
            0.984336949448152
          ]
        },
        "spec5_white": {
          "power": 0.98,
          "ci95": [
            0.9299868370580063,
            0.9944981477650318
          ]
        },
        "vgae_sv": {
          "power": 0.97,
          "ci95": [
            0.915479219195973,
            0.9897456617765851
          ]
        }
      }
    },
    "dcsbm4": {
      "0.0": {
        "lambda_max": {
          "power": 0.02,
          "ci95": [
            0.005501852234968185,
            0.07001316294199365
          ]
        },
        "spectral5": {
          "power": 0.04,
          "ci95": [
            0.015663050551848016,
            0.09837217232607373
          ]
        },
        "spec5_white": {
          "power": 0.04,
          "ci95": [
            0.015663050551848016,
            0.09837217232607373
          ]
        },
        "vgae_sv": {
          "power": 0.01,
          "ci95": [
            0.0017673865655472645,
            0.0544875247609346
          ]
        }
      },
      "1.0": {
        "lambda_max": {
          "power": 0.91,
          "ci95": [
            0.8377362530335634,
            0.9519280048361151
          ]
        },
        "spectral5": {
          "power": 0.97,
          "ci95": [
            0.915479219195973,
            0.9897456617765851
          ]
        },
        "spec5_white": {
          "power": 0.93,
          "ci95": [
            0.8625032899347025,
            0.965681175635936
          ]
        },
        "vgae_sv": {
          "power": 0.85,
          "ci95": [
            0.7671626666784216,
            0.906940968088377
          ]
        }
      }
    }
  },
  "complete": true
}