{
  "experiment": "d6_learned_projection",
  "config": {
    "n_nodes": 60,
    "k_pairs": 40,
    "replicates": 100,
    "rhos": [
      0.0,
      0.5,
      1.0
    ],
    "conditions": [
      "both",
      "p_out"
    ],
    "n_perm": 200,
    "alpha": 0.05,
    "note": "cca_split learns projection on half, tests on half"
  },
  "power": {
    "both": {
      "0.0": {
        "lambda_max": {
          "power": 0.04,
          "ci95": [
            0.015663050551848016,
            0.09837217232607373
          ]
        },
        "spec5_white": {
          "power": 0.07,
          "ci95": [
            0.034318824364064096,
            0.13749671006529757
          ]
        },
        "cca_split": {
          "power": 0.06,
          "ci95": [
            0.02778574526665662,
            0.12476968531222507
          ]
        },
        "cca_crossfit": {
          "power": 0.05,
          "ci95": [
            0.02154336145631356,
            0.11175196527208817
          ]
        }
      },
      "0.5": {
        "lambda_max": {
          "power": 0.82,
          "ci95": [
            0.7333246397578691,
            0.8829986834574896
          ]
        },
        "spec5_white": {
          "power": 0.63,
          "ci95": [
            0.5322034757513312,
            0.7181778743049083
          ]
        },
        "cca_split": {
          "power": 0.37,
          "ci95": [
            0.28182212569509163,
            0.46779652424866885
          ]
        },
        "cca_crossfit": {
          "power": 0.45,
          "ci95": [
            0.3561437510640346,
            0.5475557296835656
          ]
        }
      },
      "1.0": {
        "lambda_max": {
          "power": 1.0,
          "ci95": [
            0.9630051925239981,
            0.9999999999999999
          ]
        },
        "spec5_white": {
          "power": 1.0,
          "ci95": [
            0.9630051925239981,
            0.9999999999999999
          ]
        },
        "cca_split": {
          "power": 1.0,
          "ci95": [
            0.9630051925239981,
            0.9999999999999999
          ]
        },
        "cca_crossfit": {
          "power": 1.0,
          "ci95": [
            0.9630051925239981,
            0.9999999999999999
          ]
        }
      }
    },
    "p_out": {
      "0.0": {
        "lambda_max": {
          "power": 0.04,
          "ci95": [
            0.015663050551848016,
            0.09837217232607373
          ]
        },
        "spec5_white": {
          "power": 0.08,
          "ci95": [
            0.04109296948581091,
            0.14998266879403072
          ]
        },
        "cca_split": {
          "power": 0.04,
          "ci95": [
            0.015663050551848016,
            0.09837217232607373
          ]
        },
        "cca_crossfit": {
          "power": 0.06,
          "ci95": [
            0.02778574526665662,
            0.12476968531222507
          ]
        }
      },
      "0.5": {
        "lambda_max": {
          "power": 0.11,
          "ci95": [
            0.06254131955225126,
            0.18631463027903022
          ]
        },
        "spec5_white": {
          "power": 0.21,
          "ci95": [
            0.14165549531645788,
            0.2998014930196232
          ]
        },
        "cca_split": {
          "power": 0.14,
          "ci95": [
            0.08526265754464905,
            0.22137360383807236
          ]
        },
        "cca_crossfit": {
          "power": 0.2,
          "ci95": [
            0.1333659225590988,
            0.28883096192650237
          ]
        }
      },
      "1.0": {
        "lambda_max": {
          "power": 0.12,
          "ci95": [
            0.06999337365267776,
            0.19812268002908368
          ]
        },
        "spec5_white": {
          "power": 0.96,
          "ci95": [
            0.9016278276739262,
            0.984336949448152
          ]
        },
        "cca_split": {
          "power": 0.96,
          "ci95": [
            0.9016278276739262,
            0.984336949448152
          ]
        },
        "cca_crossfit": {
          "power": 1.0,
          "ci95": [
            0.9630051925239981,
            0.9999999999999999
          ]
        }
      }
    }
  },
  "complete": true
}