{
  "experiment": "m1_disentanglement",
  "config": {
    "n_graphs": 200,
    "n_nodes": 60,
    "p_in_range": [
      0.15,
      0.35
    ],
    "p_out_range": [
      0.02,
      0.1
    ]
  },
  "correlations": {
    "adjacency_spectrum": {
      "lambda_1": {
        "p_in": 0.8900424391790139,
        "p_out": 0.3193493988971991
      },
      "lambda_2": {
        "p_in": 0.9202233182061819,
        "p_out": -0.3062039052751632
      },
      "lambda_3": {
        "p_in": 0.6718920393824259,
        "p_out": 0.4273596000878329
      },
      "lambda_4": {
        "p_in": 0.6838086683292938,
        "p_out": 0.4619423061564996
      },
      "lambda_5": {
        "p_in": 0.6274329495970048,
        "p_out": 0.546000668764634
      }
    },
    "vgae_sv": {
      "sv_1": {
        "p_in": 0.18517130818613262,
        "p_out": -0.6096173141748426
      },
      "sv_2": {
        "p_in": -0.5906378017695322,
        "p_out": -0.2965559492079779
      },
      "sv_3": {
        "p_in": -0.7445907118438737,
        "p_out": -0.2248713333604572
      },
      "sv_4": {
        "p_in": -0.7308929692368137,
        "p_out": -0.16071299250597199
      },
      "sv_5": {
        "p_in": -0.731919127742617,
        "p_out": -0.10570446134575015
      }
    },
    "derived": {
      "(lambda1-lambda2)/2": {
        "p_in": 0.15225375506666775,
        "p_out": 0.8939179320047859
      }
    }
  }
}